id,first_name,last_name
1,Edsel,McCleverty
2,Romona,Canham
3,Perceval,Grattage
4,Niles,holmes
5,Anetta,Cess
6,Filmer,Goodsir
7,Anton,Churchill
8,Richmound,Jannasch
9,Hammad,Weatherall
10,Cecilia,Maryin
11,Harlen,Holgan
12,Rad,Durden
13,Rachael,O'Howbane
14,Loria,Marchant
15,Blair,Drewell
16,Eirena,Knapper
17,Quinn,Dionisetti
18,Rozelle,O'Scully
19,Putnem,Etoile
20,Kameko,Delacote
21,Yul,Attwoull
22,Carolus,Klaff
23,Violetta,Bleddon
24,Scarlett,Brunsdon
25,Idalina,Belz
26,Mariann,Borres
27,Theobald,Semens
28,Bobby,McFie
29,Goldie,Brinkworth
30,Lauritz,Acres
31,Casie,Hebburn
32,Shanie,Callander
33,Bette-ann,Domone
34,Alvera,Marsy
35,Florette,Simmonds
36,Daisy,Cumes
37,Kenn,McIlwain
38,Nerta,Huetson
39,Raddy,Badini
40,Immanuel,Beecham
41,Richart,Nizet
42,Pedro,Kassel
43,Darsey,Rolstone
44,Karlotte,Beer
45,Faydra,Powney
46,Cynthea,Chawner
47,Charlton,Sawle
48,Herminia,Joder
49,Terrell,Dunnico
50,Saba,Terrell
